	year	url	title	publisher	pages	isbn	editor	doi	date	booktitle	author	address	abstract	ENTRYTYPE	ID	month	howpublished	volume	journal	location	note	number	issn
0	2020	https://doi.org/10.1007/978-3-658-31472-9_9	{Will} the real populism (please) stand out? {Eine} interdisziplinäre {Aufarbeitung} populistischer {Tendenzen} in {Brexit-Tweets} im {Kontext} der {Europawahl} 2019	Springer Fachmedien	245–274	978-3-658-31472-9	Holtz-Bacha, Christina	10.1007/978-3-658-31472-9_9	2021-02-03	{Europawahlkampf} 2019: {Zur} {Rolle} der {Medien}	Adrian, Christoph and Griebel, Tim and Heinrich, Philipp and Vollmann, Erik	Wiesbaden	"Der Weg zur{\""u}ck zur Kontrolle {\""u}ber die eigene Souver{\""a}nit{\""a}t und Freiheit begann f{\""u}r Gro{\ss}britannien mit einem Referendum gegen den Verbleib in der Europ{\""a}ischen Union im Juni 2016 sowie dem offiziellen Austrittsantrag im Juni 2017. Als Direktverbindung in die Unabh{\""a}ngigkeit propagiert, entpuppte sich der Weg schnell als m{\""a}andernder Pfad gespickt mit innerparteilichen, innenpolitischen und bilateralen Machtk{\""a}mpfen. Die Europawahl 2019 mag aus der Perspektive Gro{\ss}britanniens nur ein zus{\""a}tzliches Hindernis darstellen, doch europaskeptischen Stimmen anderer L{\""a}nder k{\""o}nnten den Brexit im Kontext der Wahlen f{\""u}r ihre eigenen Exit-Strategien instrumentalisieren. Daher identifiziert und analysiert dieser Beitrag populistische Elemente des Brexit-Diskurs auf Twitter im Kontext der Europawahl in Deutschland, Frankreich und Gro{\ss}britannien mithilfe eines interdisziplin{\""a}ren Ansatzes basierend auf einer Kombination verschiedener textanalytischer Verfahren. Die Ergebnisse zeigen populistische argumentative Muster in den nationalen Diskursen. Statt einer Europ{\""a}isierung des Brexit-Diskurses l{\""a}sst sich aber eher deren Konformit{\""a}t mit dem {\""u}bergreifenden europapolitischen Kontext des Landes beobachten."	incollection	AdrianETC2020								
1	2019		{A} {New} {German} {Reddit} {Corpus}	German Society for Computational Linguistics \& Language Technology	278–279					{Proceedings} of the 15th {Conference} on {Natural} {Language} {Processing} {(KONVENS} 2019): {Kaleidoscope} {Abstracts}	Blombach, Andreas and Dykes, Natalie and Evert, Stefan and Heinrich, Philipp and Kabashi, Besim and Proisl, Thomas	Erlangen, Germany		inproceedings	BlombachETC2019								
2	2020	https://www.aclweb.org/anthology/2020.lrec-1.774	{A} {Corpus} of {German} {Reddit} {Exchanges} {(GeRedE)}	European Language Resources Association	6310–6316					{Proceedings} of the 12th {Language} {Resources} and {Evaluation} {Conference}	Blombach, Andreas and Dykes, Natalie and Heinrich, Philipp and Kabashi, Besim and Proisl, Thomas	Marseille, France	GeRedE is a 270 million token German CMC corpus containing approximately 380,000 submissions and 6,800,000 comments posted on Reddit between 2010 and 2018. Reddit is a popular online platform combining social news aggregation, discussion and micro-blogging. Starting from a large, freely available data set, the paper describes our approach to filter out German data and further pre-processing steps, as well as which metadata and annotation layers have been included so far. We explore the Reddit sphere, what makes the German data linguistically peculiar, and how some of the communities within Reddit differ from one another. The CWB-indexed version of our final corpus is available via CQPweb, and all our processing scripts as well as all manual annotation and automatic language classification can be downloaded from GitHub.	inproceedings	BlombachETC2020	May							
3	2019	https://corpora.linguistik.uni-erlangen.de/data/konvens/proceedings/	{Proceedings} of the 15th {Conference} on {Natural} {Language} {Processing} {(KONVENS} 2019)	German Society for Computational Linguistics \& Language Technology			Chair of Computational Corpus Linguistics, FAU Erlangen-Nürnberg					Erlangen, Germany		proceedings	CCL2019								
4	2019		{Means} of {Productivity} – {On} the statistical modelling of the restrictedness of lexico-grammatical patterns						2019-01-24		Diwersy, Sascha and Evert, Stefan and Heinrich, Philipp and Proisl, Thomas			misc	DiwersyETC2019_EUROPHRAS		Presentation at EUROPHRAS 2019. Santiago de Compostela, Spain						
5	2019		{Argumentation} is key: {A} keyword-based study of arguments in online discourse						2019-07-22		Dykes, Natalie and Evert, Stefan and Peters, Joachim and Heinrich, Philipp			misc	DykesETC2019_CL		Presentation at Corpus Linguistics 2019. Cardiff, UK						
6	2019		{Arguing} {Brexit} on {Twitter.} {A} corpus linguistic study						2019-06-27		Dykes, Natalie and Heinrich, Philipp and Evert, Stefan			misc	DykesETC2019_ECA		Presentation at European Conference on Argumentation 2019. Groningen, Netherlands						
7	2019		{Reconstructing} {Twitter} arguments with corpus linguistics						2019-06-03		Dykes, Natalie and Heinrich, Philipp and Evert, Stefan			misc	DykesETC2019_ICAME		Presentation at ICAME40: Language in Time, Time in Language. Neuchâtel, Switzerland						
8	2020	https://link.springer.com/article/10.1007/s13222-020-00342-y	{Reconstructing} {Arguments} from {Noisy} {Text:} {Introduction} to the {RANT} project		123–129						Dykes, Natalie and Evert, Stefan and Göttlinger, Merlin and Heinrich, Philipp and Schröder, Lutz			article	DykesETC2020			20	Datenbank-Spektrum				
9	2020		{Independent} argumentation schemes? {Transferring} argument queries from {Brexit} to environment tweets								Dykes, Natalie and Heinrich, Philipp and Blombach, Andreas			misc	DykesETC2020_ICAME		Presentation at ICAME41. Heidelberg, Germany						
10	2017	http://su.diva-portal.org/smash/get/diva2:1140018/FULLTEXT04.pdf	{Combining} {Machine} {Learning} and {Semantic} {Features} in the {Classification} of {Corporate} {Disclosures}	Stockholm University	47–62		Loukanova, Roussanka and Liefke, Kristina		2017-08-16	{Proceedings} of the {Workshop} on {Logic} and {Algorithms} in {Computational} {Linguistics} 2017 {(LACompLing2017)}	Evert, Stefan and Heinrich, Philipp and Henselmann, Klaus and Rabenstein, Ulrich and Scherr, Elisabeth and Schröder, Lutz	Stockholm, Sweden	We investigate an approach of improving statistical text classification by combining machine learners with an ontology-based identification of domain-specific topic categories. We apply this approach to ad hoc disclosures by public companies. This form of obligatory publicity concerns all information that might affect the stock price; relevant topic categories are governed by stringent regulations. Our goal is to classify disclosures according to their effect on stock prices (negative, neutral, positive). In the feasibility study reported here, we combine natural language parsing with a formal background ontology to recognize disclosures concerning a particular topic, viz. retirement of key personnel. The semantic analysis identifies such disclosures with high precision and recall. We then demonstrate that machine learners benefit from the additional ontology-based information in different prediction tasks.	inproceedings	EvertETC2017	September							
11	2017		{Social} {Bots} in {Japan's} 2014 {General} {Election:} {Preliminary} {Results} from a {Corpus-Linguistic} and {Qualitative} {Study} of {Computational} {Propaganda} on {Twitter}						2017-07-13		Evert, Stefan and Heinrich, Philipp and Schäfer, Fabian			misc	EvertETC2017_IC2S2		Presentation at the 3rd Annual International Conference on Computational Social Science, Cologne						
12	2019	https://link.springer.com/epdf/10.1007/s10849-019-09283-6?author_access_token=_iF7pFR3zY4gz00jI6rkYPe4RwlQNchNByi7wbcMAY5Kapt0JjfatjA6plWhL4MkDcaU1LX-eBGuQzh0IcomPEm0M5QqRttOuMkFxgTw_2B61T5VLDblZBWqeDfArFQmLIDR6uM9XQj61oGU42WNeQ%3D%3D	{Combining} {Machine} {Learning} and {Semantic} {Features} in the {Classification} of {Corporate} {Disclosures}		309–330			10.1007/s10849-019-09283-6	2019-02-28		Evert, Stefan and Heinrich, Philipp and Henselmann, Klaus and Rabenstein, Ulrich and Scherr, Elisabeth and Schmitt, Martin and Schröder, Lutz			article	EvertETC2019			28	J. Logic, Language and Information (JoLLI)				
13	2020	https://www.aclweb.org/anthology/2020.lrec-1.410	{Corpus} {Query} {Lingua} {Franca} part {II:} {Ontology}	European Language Resources Association	3346–3352					{Proceedings} of the 12th {Language} {Resources} and {Evaluation} {Conference}	Evert, Stefan and Harlamov, Oleg and Heinrich, Philipp and Banski, Piotr	Marseille, France	The present paper outlines the projected second part of the Corpus Query Lingua Franca (CQLF) family of standards: CQLF Ontology, which is currently in the process of standardization at the International Standards Organization (ISO), in its Technical Committee 37, Subcommittee 4 (TC37SC4) and its national mirrors. The first part of the family, ISO 24623-1 (henceforth CQLF Metamodel), was successfully adopted as an international standard at the beginning of 2018. The present paper reflects the state of the CQLF Ontology at the moment of submission for the Committee Draft ballot. We provide a brief overview of the CQLF Metamodel, present the assumptions and aims of the CQLF Ontology, its basic structure, and its potential extended applications. The full ontology is expected to emerge from a community process, starting from an initial version created by the authors of the present paper.	inproceedings	EvertETC2020	May							
14	2019		{Introducing} {MMDA:} {An} interactive toolkit for {CDA}						2019-02-28		Evert, Stefan and Heinrich, Philipp			misc	EvertHeinrich2019_GHWCLDH		Presentation at the 7th Göttingen-Hildesheim-Workshop on Computational Linguistics and Digital Humanities: Digital Methods in Political Science. Göttingen, Germany						
15	2019		{Corpus} {Queries} for {Argumentation} {Mining}						2019-05-28		Göttlinger, Merlin and Schröder, Lutz and Heinrich, Philipp and Dykes, Natalie and Evert, Stefan			misc	GoettlingerETC2019_RATIO		Presentation at the RATIO Symposium 2019. Bielefeld, Germany						
16	2020	https://www.routledge.com/Multimodal-Approaches-to-Media-Discourses-Reconstructing-the-Age-of-Austerity/Griebel-Evert-Heinrich/p/book/9780367332891	{Multimodal} {Approaches} to {Media} {Discourses:} {Reconstructing} the {Age} of {Austerity} in the {United} {Kingdom}	Routledge			Griebel, Tim and Evert, Stefan and Heinrich, Philipp		2020-09-15			London		book	GriebelETC2020								
17	2020	https://www.routledge.com/Multimodal-Approaches-to-Media-Discourses-Reconstructing-the-Age-of-Austerity/Griebel-Evert-Heinrich/p/book/9780367332891	{Possibilities} and {Challenges} of {Corpus-Assisted} {Discourse} {Analyses} of {Austerity} in the {United} {Kingdom}	Routledge	1–10		Griebel, Tim and Evert, Stefan and Heinrich, Philipp		2020-09-15	{Multimodal} {Approaches} to {Media} {Discourses:} {Reconstructing} the {Age} of {Austerity} in the {United} {Kingdom}	Griebel, Tim and Evert, Stefan and Heinrich, Philipp	London		incollection	GriebelETC2020a								
18	2017		{The} {Cultural} {Political} {Economy} of {Brexit} in the {Age} of {Austerity} – a {Corpus-Assisted} {Critical} {Realist} {Multimedia} {Discourse} {Analysis}						2017-12-05		Griebel, Tim and Heinrich, Philipp			misc	GriebelHeinrich2017_IPSA		Presentation at IPSA International Conference ``Political Science in the Digital Age: Mapping Opportunities, Perils and Uncertainties''. Hannover, Germany						
19	2020	https://www.routledge.com/Multimodal-Approaches-to-Media-Discourses-Reconstructing-the-Age-of-Austerity/Griebel-Evert-Heinrich/p/book/9780367332891	{The} {Cultural} {Political} {Economy} of {Brexit} in the {Age} of {Austerity}	Routledge	163–188		Griebel, Tim, Evert, Stefan Heinrich, Philipp		2020-09-15	{Multimodal} {Approaches} to {Media} {Discourses:} {Reconstructing} the {Age} of {Austerity} in the {United} {Kingdom}	Griebel, Tim and Heinrich, Philipp	London		incollection	GriebelHeinrich2020								
20	2018		{Stylistic} {Features} in {Corporate} {Disclosures} and their {Predictive} {Power}		129–134		Yukio Tono and Hitoshi Isahara		2018-09-17	{Proceedings} of 4th {Asia} {Pacific} {Corpus} {Linguistics} {Conference} {(APCLC2018)}	Heinrich, Philipp	Takamatsu, Japan		inproceedings	Heinrich2018								
21	2018		{Corpus-Based} {Discourse} {Analysis:} {Recent} {Developments} and {Future} {Directions}						2018-10-01		Heinrich, Philipp			misc	Heinrich2018_KAIST		Presentation at KAIST. Seoul, Republic of Korea						
22	2018		{A} {Transnational} {Analysis} of {News} and {Tweets} about {Nuclear} {Phase-Out} in the {Aftermath} of the {Fukushima} {Incident}	ELRA	8–16	979-10-95546-05-4	Andreas Witt and Jana Diesner and Georg Rehm		2018-05-08	{Proceedings} of the {LREC} 2018 {``Workshop} on {Computational} {Impact} {Detection} from {Text} {Data''}	Heinrich, Philipp and Adrian, Christoph and Kalashnikova, Olena and Schäfer, Fabian and Evert, Stefan	Paris		inproceedings	HeinrichETC2018					Miyazaki, Japan			
23	2018		{Extending} {Corpus-Based} {Discourse} {Analysis} for {Exploring} {Japanese} {Social} {Media}		135–140		Yukio Tono and Hitoshi Isahara		2018-09-17	{Proceedings} of 4th {Asia} {Pacific} {Corpus} {Linguistics} {Conference} {(APCLC2018)}	Heinrich, Philipp and Schäfer, Fabian	Takamatsu, Japan		inproceedings	HeinrichSchaefer2018								
24	2019	https://doi.org/10.1007/978-3-658-24824-6_5	{Was} bin ich – und wenn ja, wie viele?	Springer Fachmedien	97–124	978-3-658-24824-6	Holtz-Bacha, Christina	10.1007/978-3-658-24824-6_5	2019-02-08	{Die} {(Massen-)Medien} im {Wahlkampf:} {Die} {Bundestagswahl} 2017	Pfaffenberger, Fabian and Adrian, Christoph and Heinrich, Philipp	Wiesbaden		incollection	PfaffenbergerETC2019								
25	2020	https://doi.org/10.1007/978-3-658-31472-9_4	{Die} überschätzte {Gefahr?} {Twitter-Bots} im {Europawahlkampf} 2019	Springer Fachmedien	115–148	978-3-658-31472-9	Holtz-Bacha, Christina	10.1007/978-3-658-31472-9_4	2021-02-03	{Europawahlkampf} 2019: {Zur} {Rolle} der {Medien}	Pfaffenberger, Fabian and Heinrich, Philipp	Wiesbaden	"Im Anbetracht der Debatte {\""u}ber die Relevanz und ausgehende Gefahr von Social Bots im politischen Kontext wurde untersucht, ob es eine nennenswerte Aktivit{\""a}t automatisierter Twitter-Accounts im Zusammenhang mit der Europawahl 2019 gab. Die Analyse bezieht sich auf deutsch- und englischsprachige Tweets aus der hei{\ss}en Phase des Europawahlkampfs und nutzt ein mehrstufiges Identifikations- und Validierungsverfahren f{\""u}r Bot-{\""a}hnliche Aktivit{\""a}ten. Die Untersuchung st{\""u}tzt sich dabei nicht, wie viele andere Studien zur Bot-Klassifikation, auf rein parameterbasierte Verfahren, sondern nutzt einen inhaltsbasierten Nahduplikat-Erkennungsalgorithmus zur Identifikation auff{\""a}lliger Twitter-Accounts (mit einem hohen Anteil an Nahduplikaten). Insgesamt konnte diese Studie keine Bot-Netzwerke oder Cluster von h{\""o}chstwahrscheinlich automatisierten Accounts mit nennenswerter Aktivit{\""a}t im Sinne einer Verbreitung politischer Botschaften oder Beeinflussung von Debatten im Kontext der Europawahl erkennen. Es stellt sich somit die Frage, ob Bedeutung und Einfluss von Social Bots {\""u}bersch{\""a}tzt werden."	incollection	PfaffenbergerHeinrich2020								
26	2017		{Translation} {Inference} across {Dictionaries} via a {Combination} of {Graph-based} {Methods} and {Co-occurrence} {Statistics}	CEUR	94–102		McCrae, J. and Bond, F. and Buitelaar, P. and Cimiano, P. and Declerck, T. and Gracia, J. and Kernerman, I. and Ponsoda, E. and Ordan, N. and Piasecki, M.		2017-06-18	{Proceedings} of the {LDK} 2017 {Workshops:} 1st {Workshop} on the {OntoLex} {Model} {(OntoLex-2017),} {Shared} {Task} on {Translation} {Inference} {Across} {Dictionaries} \& {Challenges} for {Wordnets}	Proisl, Thomas and Heinrich, Philipp and Evert, Stefan and Kabashi, Besim	Galway, Ireland	This system description explains how to use several bilingual dictionaries and aligned corpora in order to create translation candidates for novel language pairs. It proposes (1) a graph-based approach which does not depend on cyclical translations and (2) a combination of this method with a collocation-based model using the multilingually aligned Europarl corpus.	inproceedings	ProislETC2017	August					SharedTask		
27	2018	http://aclweb.org/anthology/W18-6234	{EmotiKLUE} at {IEST} 2018: {Topic-Informed} {Classification} of {Implicit} {Emotions}	Association for Computational Linguistics	235–242		Balahur, Alexandra and Mohammad, Saif M. and Hoste, Veronique and Klinger, Roman		2018-11-01	{Proceedings} of the 9th {Workshop} on {Computational} {Approaches} to {Subjectivity,} {Sentiment} and {Social} {Media} {Analysis}	Proisl, Thomas and Heinrich, Philipp and Kabashi, Besim and Evert, Stefan	Brussels, Belgium		inproceedings	ProislETC2018						SharedTask		
28	2019	https://www.aclweb.org/anthology/2019.nsurl-1.11/	{The\_Illiterati:} {Part-of-Speech} {Tagging} for {Magahi} and {Bhojpuri} {Without} {Even} {Knowing} the {Alphabet}		73–79				2019-09-11	{Proceedings} of the {First} {International} {Workshop} on {NLP} {Solutions} for {Under} {Resourced} {Languages} {(NSURL} 2019)	Proisl, Thomas and Uhrig, Peter and Heinrich, Philipp and Blombach, Andreas and Mammerella, Sefora and Dykes, Natalie and Kabashi, Besim	Trento, Italy		inproceedings	ProislETC2019						SharedTask		
29	2019		{NLP} for {German} {CMC} {Texts:} {Tokenization,} {POS} {Tagging,} and a {New} {Gold} {Standard} for {Lemmatization}						2019-09-17		Proisl, Thomas and Dykes, Natalie and Blombach, Andreas and Heinrich, Philipp and Kabashi, Besim			misc	ProislETC2019_ANSC		Presentation at Annotation of Non-Standard Corpora. Bamberg, Germany						
30	2020	https://www.aclweb.org/anthology/2020.lrec-1.754	{EmpiriST} {Corpus} 2.0: {Adding} {Manual} {Normalization,} {Lemmatization} and {Semantic} {Tagging} to a {German} {Web} and {CMC} {Corpus}	European Language Resources Association	6142–6148					{Proceedings} of {The} 12th {Language} {Resources} and {Evaluation} {Conference}	Proisl, Thomas and Dykes, Natalie and Heinrich, Philipp and Kabashi, Besim and Blombach, Andreas and Evert, Stefan	Marseille, France	The EmpiriST corpus (Beißwenger et al., 2016) is a manually tokenized and part-of-speech tagged corpus of approximately 23,000 tokens of German Web and CMC (computer-mediated communication) data. We extend the corpus with manually created annotation layers for word form normalization, lemmatization and lexical semantics. All annotations have been independently performed by multiple human annotators. We report inter-annotator agreements and results of baseline systems and state-of-the-art off-the-shelf tools.	inproceedings	ProislETC2020	May							
31	2020		{EmpiriST} {Corpus} 2.0: {Adding} {Normalization,} {Lemmatization} and {Semantic} {Tags} to a {German} {Web} and {Social} {Media} {Corpus}		320						Proisl, Thomas and Dykes, Natalie and Heinrich, Philipp and Kabashi, Besim and Evert, Stefan			misc	ProislETC2020_DGFS		Presentation at the 42. Jahrestagung der Deutschen Gesellschaft für Sprachwissenschaft. Sprachliche Diversität: Theorien, Methoden, Ressourcen. Hamburg						
32	2019		{NLP} for {German} {CMC} {Data}						2019-10-15		Proisl, Thomas and Heinrich, Philipp			misc	ProislHeinrich2019_ARD		Presentation at Amazon Research Days 2019. Berlin, Germany						
33	2017	https://www.liebertpub.com/doi/10.1089/big.2017.0049	{Japan’s} 2014 {General} {Election:} {Political} {Bots,} {Right-Wing} {Internet} {Activism} and {PM} {Abe} {Shinzō’s} {Hidden} {Nationalist} {Agenda}		1–16				2017-11-28		Schäfer, Fabian and Evert, Stefan and Heinrich, Philipp		In this article, we present results on the identification and behavioral analysis of social bots in a sample of 542,584 tweets, collected before and after Japan's 2014 General Election. Typical forms of bot activity include massive retweeting and repeated posting of (nearly) the same message, sometimes used in combination. We focus on the second method and present (i) a case study on several patterns of bot activity and (ii) methodological considerations on the automatic identification of such patterns and the prerequisite near-duplicate detection. Moreover, (iii) we give qualitative insights into the purposes behind the usage of social/political bots. We argue that it was in the latency of the semi-public sphere of social media – and not in the visible or manifest public sphere (official campaign platform, mass media) – where Abe's hidden nationalist agenda interlocked and overlapped with the one propagated by organizations such as \emph{Nippon Kaigi} and Internet right-wingers (netto uyo) during the election campaign, the latter potentially forming an enormous online support army of Abe's agenda.	article	SchaeferETC2017			5	Big Data			4	2167-6461
