	pages	year	address	editor	booktitle	author	title	ENTRYTYPE	ID	url	publisher	isbn	doi	date	abstract	number	volume	month	howpublished	journal	editors	location	note	issn
0	137 ff.	2020	Bern	Schweighofer, Erich and Hötzendorfer, Walter and Kummer, Franz Saarenpää, Ahti and Eder, Stefan and Hanke, Philip	{Cybergovernance,} {Tagungsband} des 24. {Internationalen} {Rechtsinformatik} {Symposiums} {IRIS} 2021	Adrian, Axel and Evert, Stefan and Keuchen, Michael and Heinrich, Philipp and Dykes, Natalie	{Anonymisierung} von {Gerichtsurteilen} – {Eine} wesentliche {Voraussetzung} für {E-Justice}	inproceedings	AdrianAETC2020															
1	245–274	2020	Wiesbaden	Holtz-Bacha, Christina	{Europawahlkampf} 2019: {Zur} {Rolle} der {Medien}	Adrian, Christoph and Griebel, Tim and Heinrich, Philipp and Vollmann, Erik	{Will} the real populism (please) stand out? {Eine} interdisziplinäre {Aufarbeitung} populistischer {Tendenzen} in {Brexit-Tweets} im {Kontext} der {Europawahl} 2019	incollection	AdrianETC2020	https://doi.org/10.1007/978-3-658-31472-9_9	Springer Fachmedien	978-3-658-31472-9	10.1007/978-3-658-31472-9_9	2021-02-03	"Der Weg zur{\""u}ck zur Kontrolle {\""u}ber die eigene Souver{\""a}nit{\""a}t und Freiheit begann f{\""u}r Gro{\ss}britannien mit einem Referendum gegen den Verbleib in der Europ{\""a}ischen Union im Juni 2016 sowie dem offiziellen Austrittsantrag im Juni 2017. Als Direktverbindung in die Unabh{\""a}ngigkeit propagiert, entpuppte sich der Weg schnell als m{\""a}andernder Pfad gespickt mit innerparteilichen, innenpolitischen und bilateralen Machtk{\""a}mpfen. Die Europawahl 2019 mag aus der Perspektive Gro{\ss}britanniens nur ein zus{\""a}tzliches Hindernis darstellen, doch europaskeptischen Stimmen anderer L{\""a}nder k{\""o}nnten den Brexit im Kontext der Wahlen f{\""u}r ihre eigenen Exit-Strategien instrumentalisieren. Daher identifiziert und analysiert dieser Beitrag populistische Elemente des Brexit-Diskurs auf Twitter im Kontext der Europawahl in Deutschland, Frankreich und Gro{\ss}britannien mithilfe eines interdisziplin{\""a}ren Ansatzes basierend auf einer Kombination verschiedener textanalytischer Verfahren. Die Ergebnisse zeigen populistische argumentative Muster in den nationalen Diskursen. Statt einer Europ{\""a}isierung des Brexit-Diskurses l{\""a}sst sich aber eher deren Konformit{\""a}t mit dem {\""u}bergreifenden europapolitischen Kontext des Landes beobachten."									
2	370–373	2021	Laguna Hills, CA, USA		2021 {IEEE} 15th {International} {Conference} on {Semantic} {Computing} {(ICSC)}	Arasteh, S. T. and Monajem, M. and Christlein, V. and Heinrich, P. and Nicolaou, A. and Boldaji, H. N. and Lotfinia, M. and Evert, S.	{How} {Will} {Your} {Tweet} {Be} {Received?} {Predicting} the {Sentiment} {Polarity} of {Tweet} {Replies}	inproceedings	ArastehETC2021				10.1109/ICSC50631.2021.00068											
3	278–279	2019	Erlangen, Germany		{Proceedings} of the 15th {Conference} on {Natural} {Language} {Processing} {(KONVENS} 2019): {Kaleidoscope} {Abstracts}	Blombach, Andreas and Dykes, Natalie and Evert, Stefan and Heinrich, Philipp and Kabashi, Besim and Proisl, Thomas	{A} {New} {German} {Reddit} {Corpus}	inproceedings	BlombachETC2019		German Society for Computational Linguistics \& Language Technology													
4	6310–6316	2020	Marseille, France		{Proceedings} of the 12th {Language} {Resources} and {Evaluation} {Conference}	Blombach, Andreas and Dykes, Natalie and Heinrich, Philipp and Kabashi, Besim and Proisl, Thomas	{A} {Corpus} of {German} {Reddit} {Exchanges} {(GeRedE)}	inproceedings	BlombachETC2020	https://www.aclweb.org/anthology/2020.lrec-1.774	European Language Resources Association				GeRedE is a 270 million token German CMC corpus containing approximately 380,000 submissions and 6,800,000 comments posted on Reddit between 2010 and 2018. Reddit is a popular online platform combining social news aggregation, discussion and micro-blogging. Starting from a large, freely available data set, the paper describes our approach to filter out German data and further pre-processing steps, as well as which metadata and annotation layers have been included so far. We explore the Reddit sphere, what makes the German data linguistically peculiar, and how some of the communities within Reddit differ from one another. The CWB-indexed version of our final corpus is available via CQPweb, and all our processing scripts as well as all manual annotation and automatic language classification can be downloaded from GitHub.			May						
5		2019	Erlangen, Germany	Chair of Computational Corpus Linguistics, FAU Erlangen-Nürnberg			{Proceedings} of the 15th {Conference} on {Natural} {Language} {Processing} {(KONVENS} 2019)	proceedings	CCL2019	https://corpora.linguistik.uni-erlangen.de/data/konvens/proceedings/	German Society for Computational Linguistics \& Language Technology													
6		2019				Diwersy, Sascha and Evert, Stefan and Heinrich, Philipp and Proisl, Thomas	{Means} of {Productivity} – {On} the statistical modelling of the restrictedness of lexico-grammatical patterns	misc	DiwersyETC2019_EUROPHRAS					2019-01-24					Presentation at EUROPHRAS 2019. Santiago de Compostela, Spain					
7		2019				Dykes, Natalie and Evert, Stefan and Peters, Joachim and Heinrich, Philipp	{Argumentation} is key: {A} keyword-based study of arguments in online discourse	misc	DykesETC2019_CL					2019-07-22					Presentation at Corpus Linguistics 2019. Cardiff, UK					
8		2019				Dykes, Natalie and Heinrich, Philipp and Evert, Stefan	{Arguing} {Brexit} on {Twitter.} {A} corpus linguistic study	misc	DykesETC2019_ECA					2019-06-27					Presentation at European Conference on Argumentation 2019. Groningen, Netherlands					
9		2019				Dykes, Natalie and Heinrich, Philipp and Evert, Stefan	{Reconstructing} {Twitter} arguments with corpus linguistics	misc	DykesETC2019_ICAME					2019-06-03					Presentation at ICAME40: Language in Time, Time in Language. Neuchâtel, Switzerland					
10	123–129	2020				Dykes, Natalie and Evert, Stefan and Göttlinger, Merlin and Heinrich, Philipp and Schröder, Lutz	{Reconstructing} {Arguments} from {Noisy} {Text:} {Introduction} to the {RANT} project	article	DykesETC2020	https://link.springer.com/article/10.1007/s13222-020-00342-y							20			Datenbank-Spektrum				
11		2020				Dykes, Natalie and Heinrich, Philipp and Blombach, Andreas	{Independent} argumentation schemes? {Transferring} argument queries from {Brexit} to environment tweets	misc	DykesETC2020_ICAME										Presentation at ICAME41. Heidelberg, Germany					
12	217–229	2020	London		{Reason} to dissent. {Proceedings} of the 3rd {European} {Conference} on {Argumentation,} {Vol.} {II} {(Studies} in {Logic} and {Argumentation} 86)	Dykes, Natalie and Heinrich, Philipp and Evert, Stefan	{Arguing} {Brexit} on {Twitter.} {A} corpus linguistic study	inproceedings	DykesETC2020b	http://www.collegepublications.co.uk/downloads/sla00013.pdf	College Publications										Dutilh Novaes, Catarina and Jansen, Henrike and van Laar, Jan Albert and Verheij, Bart			
13	31–44	2021				Dykes, Natalie and Evert, Stefan and Göttlinger, Merlin and Heinrich, Philipp and Schröder, Lutz	{Argument} parsing via corpus queries	article	DykesETC2021	https://doi.org/10.1515/itit-2020-0051			doi:10.1515/itit-2020-0051			1	63			it - Information Technology				
14	47–62	2017	Stockholm, Sweden	Loukanova, Roussanka and Liefke, Kristina	{Proceedings} of the {Workshop} on {Logic} and {Algorithms} in {Computational} {Linguistics} 2017 {(LACompLing2017)}	Evert, Stefan and Heinrich, Philipp and Henselmann, Klaus and Rabenstein, Ulrich and Scherr, Elisabeth and Schröder, Lutz	{Combining} {Machine} {Learning} and {Semantic} {Features} in the {Classification} of {Corporate} {Disclosures}	inproceedings	EvertETC2017	http://su.diva-portal.org/smash/get/diva2:1140018/FULLTEXT04.pdf	Stockholm University			2017-08-16	We investigate an approach of improving statistical text classification by combining machine learners with an ontology-based identification of domain-specific topic categories. We apply this approach to ad hoc disclosures by public companies. This form of obligatory publicity concerns all information that might affect the stock price; relevant topic categories are governed by stringent regulations. Our goal is to classify disclosures according to their effect on stock prices (negative, neutral, positive). In the feasibility study reported here, we combine natural language parsing with a formal background ontology to recognize disclosures concerning a particular topic, viz. retirement of key personnel. The semantic analysis identifies such disclosures with high precision and recall. We then demonstrate that machine learners benefit from the additional ontology-based information in different prediction tasks.			September						
15		2017				Evert, Stefan and Heinrich, Philipp and Schäfer, Fabian	{Social} {Bots} in {Japan's} 2014 {General} {Election:} {Preliminary} {Results} from a {Corpus-Linguistic} and {Qualitative} {Study} of {Computational} {Propaganda} on {Twitter}	misc	EvertETC2017_IC2S2					2017-07-13					Presentation at the 3rd Annual International Conference on Computational Social Science, Cologne					
16	309–330	2019				Evert, Stefan and Heinrich, Philipp and Henselmann, Klaus and Rabenstein, Ulrich and Scherr, Elisabeth and Schmitt, Martin and Schröder, Lutz	{Combining} {Machine} {Learning} and {Semantic} {Features} in the {Classification} of {Corporate} {Disclosures}	article	EvertETC2019	https://link.springer.com/epdf/10.1007/s10849-019-09283-6?author_access_token=_iF7pFR3zY4gz00jI6rkYPe4RwlQNchNByi7wbcMAY5Kapt0JjfatjA6plWhL4MkDcaU1LX-eBGuQzh0IcomPEm0M5QqRttOuMkFxgTw_2B61T5VLDblZBWqeDfArFQmLIDR6uM9XQj61oGU42WNeQ%3D%3D			10.1007/s10849-019-09283-6	2019-02-28			28			J. Logic, Language and Information (JoLLI)				
17	3346–3352	2020	Marseille, France		{Proceedings} of the 12th {Language} {Resources} and {Evaluation} {Conference}	Evert, Stefan and Harlamov, Oleg and Heinrich, Philipp and Banski, Piotr	{Corpus} {Query} {Lingua} {Franca} part {II:} {Ontology}	inproceedings	EvertETC2020	https://www.aclweb.org/anthology/2020.lrec-1.410	European Language Resources Association				The present paper outlines the projected second part of the Corpus Query Lingua Franca (CQLF) family of standards: CQLF Ontology, which is currently in the process of standardization at the International Standards Organization (ISO), in its Technical Committee 37, Subcommittee 4 (TC37SC4) and its national mirrors. The first part of the family, ISO 24623-1 (henceforth CQLF Metamodel), was successfully adopted as an international standard at the beginning of 2018. The present paper reflects the state of the CQLF Ontology at the moment of submission for the Committee Draft ballot. We provide a brief overview of the CQLF Metamodel, present the assumptions and aims of the CQLF Ontology, its basic structure, and its potential extended applications. The full ontology is expected to emerge from a community process, starting from an initial version created by the authors of the present paper.			May						
18		2019				Evert, Stefan and Heinrich, Philipp	{Introducing} {MMDA:} {An} interactive toolkit for {CDA}	misc	EvertHeinrich2019_GHWCLDH					2019-02-28					Presentation at the 7th Göttingen-Hildesheim-Workshop on Computational Linguistics and Digital Humanities: Digital Methods in Political Science. Göttingen, Germany					
19		2019				Göttlinger, Merlin and Schröder, Lutz and Heinrich, Philipp and Dykes, Natalie and Evert, Stefan	{Corpus} {Queries} for {Argumentation} {Mining}	misc	GoettlingerETC2019_RATIO					2019-05-28					Presentation at the RATIO Symposium 2019. Bielefeld, Germany					
20		2020	London	Griebel, Tim and Evert, Stefan and Heinrich, Philipp			{Multimodal} {Approaches} to {Media} {Discourses:} {Reconstructing} the {Age} of {Austerity} in the {United} {Kingdom}	book	GriebelETC2020	https://www.routledge.com/Multimodal-Approaches-to-Media-Discourses-Reconstructing-the-Age-of-Austerity/Griebel-Evert-Heinrich/p/book/9780367332891	Routledge			2020-09-15										
21	1–10	2020	London	Griebel, Tim and Evert, Stefan and Heinrich, Philipp	{Multimodal} {Approaches} to {Media} {Discourses:} {Reconstructing} the {Age} of {Austerity} in the {United} {Kingdom}	Griebel, Tim and Evert, Stefan and Heinrich, Philipp	{Possibilities} and {Challenges} of {Corpus-Assisted} {Discourse} {Analyses} of {Austerity} in the {United} {Kingdom}	incollection	GriebelETC2020a	https://www.routledge.com/Multimodal-Approaches-to-Media-Discourses-Reconstructing-the-Age-of-Austerity/Griebel-Evert-Heinrich/p/book/9780367332891	Routledge			2020-09-15										
22		2017				Griebel, Tim and Heinrich, Philipp	{The} {Cultural} {Political} {Economy} of {Brexit} in the {Age} of {Austerity} – a {Corpus-Assisted} {Critical} {Realist} {Multimedia} {Discourse} {Analysis}	misc	GriebelHeinrich2017_IPSA					2017-12-05					Presentation at IPSA International Conference ``Political Science in the Digital Age: Mapping Opportunities, Perils and Uncertainties''. Hannover, Germany					
23	163–188	2020	London	Griebel, Tim, Evert, Stefan Heinrich, Philipp	{Multimodal} {Approaches} to {Media} {Discourses:} {Reconstructing} the {Age} of {Austerity} in the {United} {Kingdom}	Griebel, Tim and Heinrich, Philipp	{The} {Cultural} {Political} {Economy} of {Brexit} in the {Age} of {Austerity}	incollection	GriebelHeinrich2020	https://www.routledge.com/Multimodal-Approaches-to-Media-Discourses-Reconstructing-the-Age-of-Austerity/Griebel-Evert-Heinrich/p/book/9780367332891	Routledge			2020-09-15										
24	129–134	2018	Takamatsu, Japan	Yukio Tono and Hitoshi Isahara	{Proceedings} of 4th {Asia} {Pacific} {Corpus} {Linguistics} {Conference} {(APCLC2018)}	Heinrich, Philipp	{Stylistic} {Features} in {Corporate} {Disclosures} and their {Predictive} {Power}	inproceedings	Heinrich2018					2018-09-17										
25		2018				Heinrich, Philipp	{Corpus-Based} {Discourse} {Analysis:} {Recent} {Developments} and {Future} {Directions}	misc	Heinrich2018_KAIST					2018-10-01					Presentation at KAIST. Seoul, Republic of Korea					
26	8–16	2018	Paris	Andreas Witt and Jana Diesner and Georg Rehm	{Proceedings} of the {LREC} 2018 {``Workshop} on {Computational} {Impact} {Detection} from {Text} {Data''}	Heinrich, Philipp and Adrian, Christoph and Kalashnikova, Olena and Schäfer, Fabian and Evert, Stefan	{A} {Transnational} {Analysis} of {News} and {Tweets} about {Nuclear} {Phase-Out} in the {Aftermath} of the {Fukushima} {Incident}	inproceedings	HeinrichETC2018		ELRA	979-10-95546-05-4		2018-05-08								Miyazaki, Japan		
27	135–140	2018	Takamatsu, Japan	Yukio Tono and Hitoshi Isahara	{Proceedings} of 4th {Asia} {Pacific} {Corpus} {Linguistics} {Conference} {(APCLC2018)}	Heinrich, Philipp and Schäfer, Fabian	{Extending} {Corpus-Based} {Discourse} {Analysis} for {Exploring} {Japanese} {Social} {Media}	inproceedings	HeinrichSchaefer2018					2018-09-17										
28	97–124	2019	Wiesbaden	Holtz-Bacha, Christina	{Die} {(Massen-)Medien} im {Wahlkampf:} {Die} {Bundestagswahl} 2017	Pfaffenberger, Fabian and Adrian, Christoph and Heinrich, Philipp	{Was} bin ich – und wenn ja, wie viele?	incollection	PfaffenbergerETC2019	https://doi.org/10.1007/978-3-658-24824-6_5	Springer Fachmedien	978-3-658-24824-6	10.1007/978-3-658-24824-6_5	2019-02-08										
29	115–148	2020	Wiesbaden	Holtz-Bacha, Christina	{Europawahlkampf} 2019: {Zur} {Rolle} der {Medien}	Pfaffenberger, Fabian and Heinrich, Philipp	{Die} überschätzte {Gefahr?} {Twitter-Bots} im {Europawahlkampf} 2019	incollection	PfaffenbergerHeinrich2020	https://doi.org/10.1007/978-3-658-31472-9_4	Springer Fachmedien	978-3-658-31472-9	10.1007/978-3-658-31472-9_4	2021-02-03	"Im Anbetracht der Debatte {\""u}ber die Relevanz und ausgehende Gefahr von Social Bots im politischen Kontext wurde untersucht, ob es eine nennenswerte Aktivit{\""a}t automatisierter Twitter-Accounts im Zusammenhang mit der Europawahl 2019 gab. Die Analyse bezieht sich auf deutsch- und englischsprachige Tweets aus der hei{\ss}en Phase des Europawahlkampfs und nutzt ein mehrstufiges Identifikations- und Validierungsverfahren f{\""u}r Bot-{\""a}hnliche Aktivit{\""a}ten. Die Untersuchung st{\""u}tzt sich dabei nicht, wie viele andere Studien zur Bot-Klassifikation, auf rein parameterbasierte Verfahren, sondern nutzt einen inhaltsbasierten Nahduplikat-Erkennungsalgorithmus zur Identifikation auff{\""a}lliger Twitter-Accounts (mit einem hohen Anteil an Nahduplikaten). Insgesamt konnte diese Studie keine Bot-Netzwerke oder Cluster von h{\""o}chstwahrscheinlich automatisierten Accounts mit nennenswerter Aktivit{\""a}t im Sinne einer Verbreitung politischer Botschaften oder Beeinflussung von Debatten im Kontext der Europawahl erkennen. Es stellt sich somit die Frage, ob Bedeutung und Einfluss von Social Bots {\""u}bersch{\""a}tzt werden."									
30	94–102	2017	Galway, Ireland	McCrae, J. and Bond, F. and Buitelaar, P. and Cimiano, P. and Declerck, T. and Gracia, J. and Kernerman, I. and Ponsoda, E. and Ordan, N. and Piasecki, M.	{Proceedings} of the {LDK} 2017 {Workshops:} 1st {Workshop} on the {OntoLex} {Model} {(OntoLex-2017),} {Shared} {Task} on {Translation} {Inference} {Across} {Dictionaries} \& {Challenges} for {Wordnets}	Proisl, Thomas and Heinrich, Philipp and Evert, Stefan and Kabashi, Besim	{Translation} {Inference} across {Dictionaries} via a {Combination} of {Graph-based} {Methods} and {Co-occurrence} {Statistics}	inproceedings	ProislETC2017		CEUR			2017-06-18	This system description explains how to use several bilingual dictionaries and aligned corpora in order to create translation candidates for novel language pairs. It proposes (1) a graph-based approach which does not depend on cyclical translations and (2) a combination of this method with a collocation-based model using the multilingually aligned Europarl corpus.			August					SharedTask	
31	235–242	2018	Brussels, Belgium	Balahur, Alexandra and Mohammad, Saif M. and Hoste, Veronique and Klinger, Roman	{Proceedings} of the 9th {Workshop} on {Computational} {Approaches} to {Subjectivity,} {Sentiment} and {Social} {Media} {Analysis}	Proisl, Thomas and Heinrich, Philipp and Kabashi, Besim and Evert, Stefan	{EmotiKLUE} at {IEST} 2018: {Topic-Informed} {Classification} of {Implicit} {Emotions}	inproceedings	ProislETC2018	http://aclweb.org/anthology/W18-6234	Association for Computational Linguistics			2018-11-01									SharedTask	
32	73–79	2019	Trento, Italy		{Proceedings} of the {First} {International} {Workshop} on {NLP} {Solutions} for {Under} {Resourced} {Languages} {(NSURL} 2019)	Proisl, Thomas and Uhrig, Peter and Heinrich, Philipp and Blombach, Andreas and Mammerella, Sefora and Dykes, Natalie and Kabashi, Besim	{The\_Illiterati:} {Part-of-Speech} {Tagging} for {Magahi} and {Bhojpuri} {Without} {Even} {Knowing} the {Alphabet}	inproceedings	ProislETC2019	https://www.aclweb.org/anthology/2019.nsurl-1.11/				2019-09-11									SharedTask	
33		2019				Proisl, Thomas and Dykes, Natalie and Blombach, Andreas and Heinrich, Philipp and Kabashi, Besim	{NLP} for {German} {CMC} {Texts:} {Tokenization,} {POS} {Tagging,} and a {New} {Gold} {Standard} for {Lemmatization}	misc	ProislETC2019_ANSC					2019-09-17					Presentation at Annotation of Non-Standard Corpora. Bamberg, Germany					
34	6142–6148	2020	Marseille, France		{Proceedings} of {The} 12th {Language} {Resources} and {Evaluation} {Conference}	Proisl, Thomas and Dykes, Natalie and Heinrich, Philipp and Kabashi, Besim and Blombach, Andreas and Evert, Stefan	{EmpiriST} {Corpus} 2.0: {Adding} {Manual} {Normalization,} {Lemmatization} and {Semantic} {Tagging} to a {German} {Web} and {CMC} {Corpus}	inproceedings	ProislETC2020	https://www.aclweb.org/anthology/2020.lrec-1.754	European Language Resources Association				The EmpiriST corpus (Beißwenger et al., 2016) is a manually tokenized and part-of-speech tagged corpus of approximately 23,000 tokens of German Web and CMC (computer-mediated communication) data. We extend the corpus with manually created annotation layers for word form normalization, lemmatization and lexical semantics. All annotations have been independently performed by multiple human annotators. We report inter-annotator agreements and results of baseline systems and state-of-the-art off-the-shelf tools.			May						
35	320	2020				Proisl, Thomas and Dykes, Natalie and Heinrich, Philipp and Kabashi, Besim and Evert, Stefan	{EmpiriST} {Corpus} 2.0: {Adding} {Normalization,} {Lemmatization} and {Semantic} {Tags} to a {German} {Web} and {Social} {Media} {Corpus}	misc	ProislETC2020_DGFS										Presentation at the 42. Jahrestagung der Deutschen Gesellschaft für Sprachwissenschaft. Sprachliche Diversität: Theorien, Methoden, Ressourcen. Hamburg					
36		2019				Proisl, Thomas and Heinrich, Philipp	{NLP} for {German} {CMC} {Data}	misc	ProislHeinrich2019_ARD					2019-10-15					Presentation at Amazon Research Days 2019. Berlin, Germany					
37	1–16	2017				Schäfer, Fabian and Evert, Stefan and Heinrich, Philipp	{Japan’s} 2014 {General} {Election:} {Political} {Bots,} {Right-Wing} {Internet} {Activism} and {PM} {Abe} {Shinzō’s} {Hidden} {Nationalist} {Agenda}	article	SchaeferETC2017	https://www.liebertpub.com/doi/10.1089/big.2017.0049				2017-11-28	In this article, we present results on the identification and behavioral analysis of social bots in a sample of 542,584 tweets, collected before and after Japan's 2014 General Election. Typical forms of bot activity include massive retweeting and repeated posting of (nearly) the same message, sometimes used in combination. We focus on the second method and present (i) a case study on several patterns of bot activity and (ii) methodological considerations on the automatic identification of such patterns and the prerequisite near-duplicate detection. Moreover, (iii) we give qualitative insights into the purposes behind the usage of social/political bots. We argue that it was in the latency of the semi-public sphere of social media – and not in the visible or manifest public sphere (official campaign platform, mass media) – where Abe's hidden nationalist agenda interlocked and overlapped with the one propagated by organizations such as \emph{Nippon Kaigi} and Internet right-wingers (netto uyo) during the election campaign, the latter potentially forming an enormous online support army of Abe's agenda.	4	5			Big Data				2167-6461
